<?xml version="1.0" encoding="UTF-8"?>
<beans xmlns="http://www.springframework.org/schema/beans"
       xmlns:xsi="http://www.w3.org/2001/XMLSchema-instance"

       xsi:schemaLocation="http://www.springframework.org/schema/beans http://www.springframework.org/schema/beans/spring-beans-4.0.xsd
">
<bean id="address1" class="Address">  
<property name="addressLine1" value="Ring Rd,BTM"></property>  
<property name="city" value="Bangalore"></property>  
<property name="state" value="KA"></property>  
<property name="country" value="India"></property>  
</bean> 

<bean id="salary1" class="Salary">  
<property name="salaryPerAnnum" value="250000"></property>  
</bean> 
  
<bean id="obj" class="Employee">  
<property name="id" value="1"></property>  
<property name="name" value="Kumar"></property>  
<property name="address" ref="address1"></property>
<property name="salary" ref="salary1"></property>  
</bean>  
</beans>
